continent,region,osm_pbf,subregion
africa,Algeria,https://download.geofabrik.de/africa/algeria-latest.osm.pbf,
africa,Angola,https://download.geofabrik.de/africa/angola-latest.osm.pbf,
africa,Benin,https://download.geofabrik.de/africa/benin-latest.osm.pbf,
africa,Botswana,https://download.geofabrik.de/africa/botswana-latest.osm.pbf,
africa,Burkina Faso,https://download.geofabrik.de/africa/burkina-faso-latest.osm.pbf,
africa,Burundi,https://download.geofabrik.de/africa/burundi-latest.osm.pbf,
africa,Cameroon,https://download.geofabrik.de/africa/cameroon-latest.osm.pbf,
africa,Canary Islands,https://download.geofabrik.de/africa/canary-islands-latest.osm.pbf,
africa,Cape Verde,https://download.geofabrik.de/africa/cape-verde-latest.osm.pbf,
africa,Central African Republic,https://download.geofabrik.de/africa/central-african-republic-latest.osm.pbf,
africa,Chad,https://download.geofabrik.de/africa/chad-latest.osm.pbf,
africa,Comores,https://download.geofabrik.de/africa/comores-latest.osm.pbf,
africa,Congo (Republic/Brazzaville),https://download.geofabrik.de/africa/congo-brazzaville-latest.osm.pbf,
africa,Congo (Democratic Republic/Kinshasa),https://download.geofabrik.de/africa/congo-democratic-republic-latest.osm.pbf,
africa,Djibouti,https://download.geofabrik.de/africa/djibouti-latest.osm.pbf,
africa,Egypt,https://download.geofabrik.de/africa/egypt-latest.osm.pbf,
africa,Equatorial Guinea,https://download.geofabrik.de/africa/equatorial-guinea-latest.osm.pbf,
africa,Eritrea,https://download.geofabrik.de/africa/eritrea-latest.osm.pbf,
africa,Ethiopia,https://download.geofabrik.de/africa/ethiopia-latest.osm.pbf,
africa,Gabon,https://download.geofabrik.de/africa/gabon-latest.osm.pbf,
africa,Ghana,https://download.geofabrik.de/africa/ghana-latest.osm.pbf,
africa,Guinea,https://download.geofabrik.de/africa/guinea-latest.osm.pbf,
africa,Guinea-Bissau,https://download.geofabrik.de/africa/guinea-bissau-latest.osm.pbf,
africa,Ivory Coast,https://download.geofabrik.de/africa/ivory-coast-latest.osm.pbf,
africa,Kenya,https://download.geofabrik.de/africa/kenya-latest.osm.pbf,
africa,Lesotho,https://download.geofabrik.de/africa/lesotho-latest.osm.pbf,
africa,Liberia,https://download.geofabrik.de/africa/liberia-latest.osm.pbf,
africa,Libya,https://download.geofabrik.de/africa/libya-latest.osm.pbf,
africa,Madagascar,https://download.geofabrik.de/africa/madagascar-latest.osm.pbf,
africa,Malawi,https://download.geofabrik.de/africa/malawi-latest.osm.pbf,
africa,Mali,https://download.geofabrik.de/africa/mali-latest.osm.pbf,
africa,Mauritania,https://download.geofabrik.de/africa/mauritania-latest.osm.pbf,
africa,Mauritius,https://download.geofabrik.de/africa/mauritius-latest.osm.pbf,
africa,Morocco,https://download.geofabrik.de/africa/morocco-latest.osm.pbf,
africa,Mozambique,https://download.geofabrik.de/africa/mozambique-latest.osm.pbf,
africa,Namibia,https://download.geofabrik.de/africa/namibia-latest.osm.pbf,
africa,Niger,https://download.geofabrik.de/africa/niger-latest.osm.pbf,
africa,Nigeria,https://download.geofabrik.de/africa/nigeria-latest.osm.pbf,
africa,Rwanda,https://download.geofabrik.de/africa/rwanda-latest.osm.pbf,
africa,"Saint Helena, Ascension, and Tristan da Cunha",https://download.geofabrik.de/africa/saint-helena-ascension-and-tristan-da-cunha-latest.osm.pbf,
africa,Sao Tome and Principe,https://download.geofabrik.de/africa/sao-tome-and-principe-latest.osm.pbf,
africa,Senegal and Gambia,https://download.geofabrik.de/africa/senegal-and-gambia-latest.osm.pbf,
africa,Seychelles,https://download.geofabrik.de/africa/seychelles-latest.osm.pbf,
africa,Sierra Leone,https://download.geofabrik.de/africa/sierra-leone-latest.osm.pbf,
africa,Somalia,https://download.geofabrik.de/africa/somalia-latest.osm.pbf,
africa,South Africa,https://download.geofabrik.de/africa/south-africa-latest.osm.pbf,
africa,South Sudan,https://download.geofabrik.de/africa/south-sudan-latest.osm.pbf,
africa,Sudan,https://download.geofabrik.de/africa/sudan-latest.osm.pbf,
africa,Swaziland,https://download.geofabrik.de/africa/swaziland-latest.osm.pbf,
africa,Tanzania,https://download.geofabrik.de/africa/tanzania-latest.osm.pbf,
africa,Togo,https://download.geofabrik.de/africa/togo-latest.osm.pbf,
africa,Tunisia,https://download.geofabrik.de/africa/tunisia-latest.osm.pbf,
africa,Uganda,https://download.geofabrik.de/africa/uganda-latest.osm.pbf,
africa,Zambia,https://download.geofabrik.de/africa/zambia-latest.osm.pbf,
africa,Zimbabwe,https://download.geofabrik.de/africa/zimbabwe-latest.osm.pbf,
asia,Afghanistan,https://download.geofabrik.de/asia/afghanistan-latest.osm.pbf,
asia,Armenia,https://download.geofabrik.de/asia/armenia-latest.osm.pbf,
asia,Azerbaijan,https://download.geofabrik.de/asia/azerbaijan-latest.osm.pbf,
asia,Bangladesh,https://download.geofabrik.de/asia/bangladesh-latest.osm.pbf,
asia,Bhutan,https://download.geofabrik.de/asia/bhutan-latest.osm.pbf,
asia,Cambodia,https://download.geofabrik.de/asia/cambodia-latest.osm.pbf,
asia,China,https://download.geofabrik.de/asia/china/anhui-latest.osm.pbf,Anhui
asia,China,https://download.geofabrik.de/asia/china/beijing-latest.osm.pbf,Beijing
asia,China,https://download.geofabrik.de/asia/china/chongqing-latest.osm.pbf,Chongqing
asia,China,https://download.geofabrik.de/asia/china/fujian-latest.osm.pbf,Fujian
asia,China,https://download.geofabrik.de/asia/china/gansu-latest.osm.pbf,Gansu
asia,China,https://download.geofabrik.de/asia/china/guangdong-latest.osm.pbf,Guangdong (with Hong Kong and Macau)
asia,China,https://download.geofabrik.de/asia/china/guangxi-latest.osm.pbf,Guangxi
asia,China,https://download.geofabrik.de/asia/china/guizhou-latest.osm.pbf,Guizhou
asia,China,https://download.geofabrik.de/asia/china/hainan-latest.osm.pbf,Hainan
asia,China,https://download.geofabrik.de/asia/china/hebei-latest.osm.pbf,Hebei (with Beijing and Tianjin)
asia,China,https://download.geofabrik.de/asia/china/heilongjiang-latest.osm.pbf,Heilongjiang
asia,China,https://download.geofabrik.de/asia/china/henan-latest.osm.pbf,Henan
asia,China,https://download.geofabrik.de/asia/china/hong-kong-latest.osm.pbf,Hong Kong
asia,China,https://download.geofabrik.de/asia/china/hubei-latest.osm.pbf,Hubei
asia,China,https://download.geofabrik.de/asia/china/hunan-latest.osm.pbf,Hunan
asia,China,https://download.geofabrik.de/asia/china/inner-mongolia-latest.osm.pbf,Inner Mongolia
asia,China,https://download.geofabrik.de/asia/china/jiangsu-latest.osm.pbf,Jiangsu
asia,China,https://download.geofabrik.de/asia/china/jiangxi-latest.osm.pbf,Jiangxi
asia,China,https://download.geofabrik.de/asia/china/jilin-latest.osm.pbf,Jilin
asia,China,https://download.geofabrik.de/asia/china/liaoning-latest.osm.pbf,Liaoning
asia,China,https://download.geofabrik.de/asia/china/macau-latest.osm.pbf,Macau
asia,China,https://download.geofabrik.de/asia/china/ningxia-latest.osm.pbf,Ningxia
asia,China,https://download.geofabrik.de/asia/china/qinghai-latest.osm.pbf,Qinghai
asia,China,https://download.geofabrik.de/asia/china/shaanxi-latest.osm.pbf,Shaanxi
asia,China,https://download.geofabrik.de/asia/china/shandong-latest.osm.pbf,Shandong
asia,China,https://download.geofabrik.de/asia/china/shanghai-latest.osm.pbf,Shanghai
asia,China,https://download.geofabrik.de/asia/china/shanxi-latest.osm.pbf,Shanxi
asia,China,https://download.geofabrik.de/asia/china/sichuan-latest.osm.pbf,Sichuan
asia,China,https://download.geofabrik.de/asia/china/tianjin-latest.osm.pbf,Tianjin
asia,China,https://download.geofabrik.de/asia/china/tibet-latest.osm.pbf,Tibet
asia,China,https://download.geofabrik.de/asia/china/xinjiang-latest.osm.pbf,Xinjiang
asia,China,https://download.geofabrik.de/asia/china/yunnan-latest.osm.pbf,Yunnan
asia,China,https://download.geofabrik.de/asia/china/zhejiang-latest.osm.pbf,Zhejiang
asia,East Timor,https://download.geofabrik.de/asia/east-timor-latest.osm.pbf,
asia,GCC States,https://download.geofabrik.de/asia/gcc-states-latest.osm.pbf,
asia,India,https://download.geofabrik.de/asia/india/central-zone-latest.osm.pbf,Central Zone
asia,India,https://download.geofabrik.de/asia/india/eastern-zone-latest.osm.pbf,Eastern Zone
asia,India,https://download.geofabrik.de/asia/india/north-eastern-zone-latest.osm.pbf,North-Eastern Zone
asia,India,https://download.geofabrik.de/asia/india/northern-zone-latest.osm.pbf,Northern Zone
asia,India,https://download.geofabrik.de/asia/india/southern-zone-latest.osm.pbf,Southern Zone
asia,India,https://download.geofabrik.de/asia/india/western-zone-latest.osm.pbf,Western Zone
asia,Indonesia (with East Timor),https://download.geofabrik.de/asia/indonesia/java-latest.osm.pbf,Java
asia,Indonesia (with East Timor),https://download.geofabrik.de/asia/indonesia/kalimantan-latest.osm.pbf,Kalimantan
asia,Indonesia (with East Timor),https://download.geofabrik.de/asia/indonesia/maluku-latest.osm.pbf,Maluku
asia,Indonesia (with East Timor),https://download.geofabrik.de/asia/indonesia/nusa-tenggara-latest.osm.pbf,Nusa-Tenggara
asia,Indonesia (with East Timor),https://download.geofabrik.de/asia/indonesia/papua-latest.osm.pbf,Papua
asia,Indonesia (with East Timor),https://download.geofabrik.de/asia/indonesia/sulawesi-latest.osm.pbf,Sulawesi
asia,Indonesia (with East Timor),https://download.geofabrik.de/asia/indonesia/sumatra-latest.osm.pbf,Sumatra
asia,Iran,https://download.geofabrik.de/asia/iran-latest.osm.pbf,
asia,Iraq,https://download.geofabrik.de/asia/iraq-latest.osm.pbf,
asia,Israel and Palestine,https://download.geofabrik.de/asia/israel-and-palestine-latest.osm.pbf,
asia,Japan,https://download.geofabrik.de/asia/japan/chubu-latest.osm.pbf,Chūbu region
asia,Japan,https://download.geofabrik.de/asia/japan/chugoku-latest.osm.pbf,Chūgoku region
asia,Japan,https://download.geofabrik.de/asia/japan/hokkaido-latest.osm.pbf,Hokkaidō
asia,Japan,https://download.geofabrik.de/asia/japan/kansai-latest.osm.pbf,Kansai region (a.k.a. Kinki region)
asia,Japan,https://download.geofabrik.de/asia/japan/kanto-latest.osm.pbf,Kantō region
asia,Japan,https://download.geofabrik.de/asia/japan/kyushu-latest.osm.pbf,Kyūshū
asia,Japan,https://download.geofabrik.de/asia/japan/shikoku-latest.osm.pbf,Shikoku
asia,Japan,https://download.geofabrik.de/asia/japan/tohoku-latest.osm.pbf,Tōhoku region
asia,Jordan,https://download.geofabrik.de/asia/jordan-latest.osm.pbf,
asia,Kazakhstan,https://download.geofabrik.de/asia/kazakhstan-latest.osm.pbf,
asia,Kyrgyzstan,https://download.geofabrik.de/asia/kyrgyzstan-latest.osm.pbf,
asia,Laos,https://download.geofabrik.de/asia/laos-latest.osm.pbf,
asia,Lebanon,https://download.geofabrik.de/asia/lebanon-latest.osm.pbf,
asia,"Malaysia, Singapore, and Brunei",https://download.geofabrik.de/asia/malaysia-singapore-brunei-latest.osm.pbf,
asia,Maldives,https://download.geofabrik.de/asia/maldives-latest.osm.pbf,
asia,Mongolia,https://download.geofabrik.de/asia/mongolia-latest.osm.pbf,
asia,Myanmar (a.k.a. Burma),https://download.geofabrik.de/asia/myanmar-latest.osm.pbf,
asia,Nepal,https://download.geofabrik.de/asia/nepal-latest.osm.pbf,
asia,North Korea,https://download.geofabrik.de/asia/north-korea-latest.osm.pbf,
asia,Pakistan,https://download.geofabrik.de/asia/pakistan-latest.osm.pbf,
asia,Philippines,https://download.geofabrik.de/asia/philippines-latest.osm.pbf,
asia,Russian Federation,https://download.geofabrik.de/asia/russia/central-fed-district-latest.osm.pbf,Central Federal District
asia,Russian Federation,https://download.geofabrik.de/asia/russia/crimean-fed-district-latest.osm.pbf,Crimean Federal District
asia,Russian Federation,https://download.geofabrik.de/asia/russia/far-eastern-fed-district-latest.osm.pbf,Far Eastern Federal District
asia,Russian Federation,https://download.geofabrik.de/asia/russia/north-caucasus-fed-district-latest.osm.pbf,North Caucasus Federal District
asia,Russian Federation,https://download.geofabrik.de/asia/russia/northwestern-fed-district-latest.osm.pbf,Northwestern Federal District
asia,Russian Federation,https://download.geofabrik.de/asia/russia/siberian-fed-district-latest.osm.pbf,Siberian Federal District
asia,Russian Federation,https://download.geofabrik.de/asia/russia/south-fed-district-latest.osm.pbf,South Federal District
asia,Russian Federation,https://download.geofabrik.de/asia/russia/ural-fed-district-latest.osm.pbf,Ural Federal District
asia,Russian Federation,https://download.geofabrik.de/asia/russia/volga-fed-district-latest.osm.pbf,Volga Federal District
asia,South Korea,https://download.geofabrik.de/asia/south-korea-latest.osm.pbf,
asia,Sri Lanka,https://download.geofabrik.de/asia/sri-lanka-latest.osm.pbf,
asia,Syria,https://download.geofabrik.de/asia/syria-latest.osm.pbf,
asia,Taiwan,https://download.geofabrik.de/asia/taiwan-latest.osm.pbf,
asia,Tajikistan,https://download.geofabrik.de/asia/tajikistan-latest.osm.pbf,
asia,Thailand,https://download.geofabrik.de/asia/thailand-latest.osm.pbf,
asia,Turkmenistan,https://download.geofabrik.de/asia/turkmenistan-latest.osm.pbf,
asia,Uzbekistan,https://download.geofabrik.de/asia/uzbekistan-latest.osm.pbf,
asia,Vietnam,https://download.geofabrik.de/asia/vietnam-latest.osm.pbf,
asia,Yemen,https://download.geofabrik.de/asia/yemen-latest.osm.pbf,
australia-oceania,American Oceania,https://download.geofabrik.de/australia-oceania/american-oceania-latest.osm.pbf,
australia-oceania,Australia,https://download.geofabrik.de/australia-oceania/australia-latest.osm.pbf,
australia-oceania,Cook Islands,https://download.geofabrik.de/australia-oceania/cook-islands-latest.osm.pbf,
australia-oceania,Fiji,https://download.geofabrik.de/australia-oceania/fiji-latest.osm.pbf,
australia-oceania,Île de Clipperton,https://download.geofabrik.de/australia-oceania/ile-de-clipperton-latest.osm.pbf,
australia-oceania,Kiribati,https://download.geofabrik.de/australia-oceania/kiribati-latest.osm.pbf,
australia-oceania,Marshall Islands,https://download.geofabrik.de/australia-oceania/marshall-islands-latest.osm.pbf,
australia-oceania,Micronesia,https://download.geofabrik.de/australia-oceania/micronesia-latest.osm.pbf,
australia-oceania,Nauru,https://download.geofabrik.de/australia-oceania/nauru-latest.osm.pbf,
australia-oceania,New Caledonia,https://download.geofabrik.de/australia-oceania/new-caledonia-latest.osm.pbf,
australia-oceania,New Zealand,https://download.geofabrik.de/australia-oceania/new-zealand-latest.osm.pbf,
australia-oceania,Niue,https://download.geofabrik.de/australia-oceania/niue-latest.osm.pbf,
australia-oceania,Palau,https://download.geofabrik.de/australia-oceania/palau-latest.osm.pbf,
australia-oceania,Papua New Guinea,https://download.geofabrik.de/australia-oceania/papua-new-guinea-latest.osm.pbf,
australia-oceania,Pitcairn Islands,https://download.geofabrik.de/australia-oceania/pitcairn-islands-latest.osm.pbf,
australia-oceania,Polynésie française (French Polynesia),https://download.geofabrik.de/australia-oceania/polynesie-francaise-latest.osm.pbf,
australia-oceania,Samoa,https://download.geofabrik.de/australia-oceania/samoa-latest.osm.pbf,
australia-oceania,Solomon Islands,https://download.geofabrik.de/australia-oceania/solomon-islands-latest.osm.pbf,
australia-oceania,Tokelau,https://download.geofabrik.de/australia-oceania/tokelau-latest.osm.pbf,
australia-oceania,Tonga,https://download.geofabrik.de/australia-oceania/tonga-latest.osm.pbf,
australia-oceania,Tuvalu,https://download.geofabrik.de/australia-oceania/tuvalu-latest.osm.pbf,
australia-oceania,Vanuatu,https://download.geofabrik.de/australia-oceania/vanuatu-latest.osm.pbf,
australia-oceania,Wallis et Futuna,https://download.geofabrik.de/australia-oceania/wallis-et-futuna-latest.osm.pbf,
central-america,Bahamas,https://download.geofabrik.de/central-america/bahamas-latest.osm.pbf,
central-america,Belize,https://download.geofabrik.de/central-america/belize-latest.osm.pbf,
central-america,Costa Rica,https://download.geofabrik.de/central-america/costa-rica-latest.osm.pbf,
central-america,Cuba,https://download.geofabrik.de/central-america/cuba-latest.osm.pbf,
central-america,El Salvador,https://download.geofabrik.de/central-america/el-salvador-latest.osm.pbf,
central-america,Guatemala,https://download.geofabrik.de/central-america/guatemala-latest.osm.pbf,
central-america,Haiti and Dominican Republic,https://download.geofabrik.de/central-america/haiti-and-domrep-latest.osm.pbf,
central-america,Honduras,https://download.geofabrik.de/central-america/honduras-latest.osm.pbf,
central-america,Jamaica,https://download.geofabrik.de/central-america/jamaica-latest.osm.pbf,
central-america,Nicaragua,https://download.geofabrik.de/central-america/nicaragua-latest.osm.pbf,
central-america,Panama,https://download.geofabrik.de/central-america/panama-latest.osm.pbf,
europe,Albania,https://download.geofabrik.de/europe/albania-latest.osm.pbf,
europe,Andorra,https://download.geofabrik.de/europe/andorra-latest.osm.pbf,
europe,Austria,https://download.geofabrik.de/europe/austria-latest.osm.pbf,
europe,Azores,https://download.geofabrik.de/europe/azores-latest.osm.pbf,
europe,Belarus,https://download.geofabrik.de/europe/belarus-latest.osm.pbf,
europe,Belgium,https://download.geofabrik.de/europe/belgium-latest.osm.pbf,
europe,Bosnia-Herzegovina,https://download.geofabrik.de/europe/bosnia-herzegovina-latest.osm.pbf,
europe,Bulgaria,https://download.geofabrik.de/europe/bulgaria-latest.osm.pbf,
europe,Croatia,https://download.geofabrik.de/europe/croatia-latest.osm.pbf,
europe,Cyprus,https://download.geofabrik.de/europe/cyprus-latest.osm.pbf,
europe,Czech Republic,https://download.geofabrik.de/europe/czech-republic-latest.osm.pbf,
europe,Denmark,https://download.geofabrik.de/europe/denmark-latest.osm.pbf,
europe,Estonia,https://download.geofabrik.de/europe/estonia-latest.osm.pbf,
europe,Faroe Islands,https://download.geofabrik.de/europe/faroe-islands-latest.osm.pbf,
europe,Finland,https://download.geofabrik.de/europe/finland-latest.osm.pbf,
europe,France,https://download.geofabrik.de/europe/france/alsace-latest.osm.pbf,Alsace
europe,France,https://download.geofabrik.de/europe/france/aquitaine-latest.osm.pbf,Aquitaine
europe,France,https://download.geofabrik.de/europe/france/auvergne-latest.osm.pbf,Auvergne
europe,France,https://download.geofabrik.de/europe/france/basse-normandie-latest.osm.pbf,Basse-Normandie
europe,France,https://download.geofabrik.de/europe/france/bourgogne-latest.osm.pbf,Bourgogne
europe,France,https://download.geofabrik.de/europe/france/bretagne-latest.osm.pbf,Bretagne
europe,France,https://download.geofabrik.de/europe/france/centre-latest.osm.pbf,Centre
europe,France,https://download.geofabrik.de/europe/france/champagne-ardenne-latest.osm.pbf,Champagne Ardenne
europe,France,https://download.geofabrik.de/europe/france/corse-latest.osm.pbf,Corse
europe,France,https://download.geofabrik.de/europe/france/franche-comte-latest.osm.pbf,Franche Comte
europe,France,https://download.geofabrik.de/europe/france/guadeloupe-latest.osm.pbf,Guadeloupe
europe,France,https://download.geofabrik.de/europe/france/guyane-latest.osm.pbf,Guyane
europe,France,https://download.geofabrik.de/europe/france/haute-normandie-latest.osm.pbf,Haute-Normandie
europe,France,https://download.geofabrik.de/europe/france/ile-de-france-latest.osm.pbf,Ile-de-France
europe,France,https://download.geofabrik.de/europe/france/languedoc-roussillon-latest.osm.pbf,Languedoc-Roussillon
europe,France,https://download.geofabrik.de/europe/france/limousin-latest.osm.pbf,Limousin
europe,France,https://download.geofabrik.de/europe/france/lorraine-latest.osm.pbf,Lorraine
europe,France,https://download.geofabrik.de/europe/france/martinique-latest.osm.pbf,Martinique
europe,France,https://download.geofabrik.de/europe/france/mayotte-latest.osm.pbf,Mayotte
europe,France,https://download.geofabrik.de/europe/france/midi-pyrenees-latest.osm.pbf,Midi-Pyrenees
europe,France,https://download.geofabrik.de/europe/france/nord-pas-de-calais-latest.osm.pbf,Nord-Pas-de-Calais
europe,France,https://download.geofabrik.de/europe/france/pays-de-la-loire-latest.osm.pbf,Pays de la Loire
europe,France,https://download.geofabrik.de/europe/france/picardie-latest.osm.pbf,Picardie
europe,France,https://download.geofabrik.de/europe/france/poitou-charentes-latest.osm.pbf,Poitou-Charentes
europe,France,https://download.geofabrik.de/europe/france/provence-alpes-cote-d-azur-latest.osm.pbf,Provence Alpes-Cote-d'Azur
europe,France,https://download.geofabrik.de/europe/france/reunion-latest.osm.pbf,Reunion
europe,France,https://download.geofabrik.de/europe/france/rhone-alpes-latest.osm.pbf,Rhone-Alpes
europe,Georgia,https://download.geofabrik.de/europe/georgia-latest.osm.pbf,
europe,Germany,https://download.geofabrik.de/europe/germany/baden-wuerttemberg-latest.osm.pbf,Baden-Württemberg
europe,Germany,https://download.geofabrik.de/europe/germany/bayern-latest.osm.pbf,Bayern
europe,Germany,https://download.geofabrik.de/europe/germany/berlin-latest.osm.pbf,Berlin
europe,Germany,https://download.geofabrik.de/europe/germany/brandenburg-latest.osm.pbf,Brandenburg (mit Berlin)
europe,Germany,https://download.geofabrik.de/europe/germany/bremen-latest.osm.pbf,Bremen
europe,Germany,https://download.geofabrik.de/europe/germany/hamburg-latest.osm.pbf,Hamburg
europe,Germany,https://download.geofabrik.de/europe/germany/hessen-latest.osm.pbf,Hessen
europe,Germany,https://download.geofabrik.de/europe/germany/mecklenburg-vorpommern-latest.osm.pbf,Mecklenburg-Vorpommern
europe,Germany,https://download.geofabrik.de/europe/germany/niedersachsen-latest.osm.pbf,Niedersachsen (mit Bremen)
europe,Germany,https://download.geofabrik.de/europe/germany/nordrhein-westfalen-latest.osm.pbf,Nordrhein-Westfalen
europe,Germany,https://download.geofabrik.de/europe/germany/rheinland-pfalz-latest.osm.pbf,Rheinland-Pfalz
europe,Germany,https://download.geofabrik.de/europe/germany/saarland-latest.osm.pbf,Saarland
europe,Germany,https://download.geofabrik.de/europe/germany/sachsen-latest.osm.pbf,Sachsen
europe,Germany,https://download.geofabrik.de/europe/germany/sachsen-anhalt-latest.osm.pbf,Sachsen-Anhalt
europe,Germany,https://download.geofabrik.de/europe/germany/schleswig-holstein-latest.osm.pbf,Schleswig-Holstein
europe,Germany,https://download.geofabrik.de/europe/germany/thueringen-latest.osm.pbf,Thüringen
europe,Greece,https://download.geofabrik.de/europe/greece-latest.osm.pbf,
europe,Guernsey and Jersey,https://download.geofabrik.de/europe/guernsey-jersey-latest.osm.pbf,
europe,Hungary,https://download.geofabrik.de/europe/hungary-latest.osm.pbf,
europe,Iceland,https://download.geofabrik.de/europe/iceland-latest.osm.pbf,
europe,Ireland and Northern Ireland,https://download.geofabrik.de/europe/ireland-and-northern-ireland-latest.osm.pbf,
europe,Isle of Man,https://download.geofabrik.de/europe/isle-of-man-latest.osm.pbf,
europe,Italy,https://download.geofabrik.de/europe/italy/centro-latest.osm.pbf,Centro
europe,Italy,https://download.geofabrik.de/europe/italy/isole-latest.osm.pbf,Isole
europe,Italy,https://download.geofabrik.de/europe/italy/nord-est-latest.osm.pbf,Nord-Est
europe,Italy,https://download.geofabrik.de/europe/italy/nord-ovest-latest.osm.pbf,Nord-Ovest
europe,Italy,https://download.geofabrik.de/europe/italy/sud-latest.osm.pbf,Sud
europe,Kosovo,https://download.geofabrik.de/europe/kosovo-latest.osm.pbf,
europe,Latvia,https://download.geofabrik.de/europe/latvia-latest.osm.pbf,
europe,Liechtenstein,https://download.geofabrik.de/europe/liechtenstein-latest.osm.pbf,
europe,Lithuania,https://download.geofabrik.de/europe/lithuania-latest.osm.pbf,
europe,Luxembourg,https://download.geofabrik.de/europe/luxembourg-latest.osm.pbf,
europe,Macedonia,https://download.geofabrik.de/europe/macedonia-latest.osm.pbf,
europe,Malta,https://download.geofabrik.de/europe/malta-latest.osm.pbf,
europe,Moldova,https://download.geofabrik.de/europe/moldova-latest.osm.pbf,
europe,Monaco,https://download.geofabrik.de/europe/monaco-latest.osm.pbf,
europe,Montenegro,https://download.geofabrik.de/europe/montenegro-latest.osm.pbf,
europe,Netherlands,https://download.geofabrik.de/europe/netherlands/drenthe-latest.osm.pbf,Drenthe
europe,Netherlands,https://download.geofabrik.de/europe/netherlands/flevoland-latest.osm.pbf,Flevoland
europe,Netherlands,https://download.geofabrik.de/europe/netherlands/friesland-latest.osm.pbf,Friesland
europe,Netherlands,https://download.geofabrik.de/europe/netherlands/gelderland-latest.osm.pbf,Gelderland
europe,Netherlands,https://download.geofabrik.de/europe/netherlands/groningen-latest.osm.pbf,Groningen
europe,Netherlands,https://download.geofabrik.de/europe/netherlands/limburg-latest.osm.pbf,Limburg
europe,Netherlands,https://download.geofabrik.de/europe/netherlands/noord-brabant-latest.osm.pbf,Noord-Brabant
europe,Netherlands,https://download.geofabrik.de/europe/netherlands/noord-holland-latest.osm.pbf,Noord-Holland
europe,Netherlands,https://download.geofabrik.de/europe/netherlands/overijssel-latest.osm.pbf,Overijssel
europe,Netherlands,https://download.geofabrik.de/europe/netherlands/utrecht-latest.osm.pbf,Utrecht
europe,Netherlands,https://download.geofabrik.de/europe/netherlands/zeeland-latest.osm.pbf,Zeeland
europe,Netherlands,https://download.geofabrik.de/europe/netherlands/zuid-holland-latest.osm.pbf,Zuid-Holland
europe,Norway,https://download.geofabrik.de/europe/norway-latest.osm.pbf,
europe,Poland,https://download.geofabrik.de/europe/poland/dolnoslaskie-latest.osm.pbf,Województwo dolnośląskie(Lower Silesian Voivodeship)
europe,Poland,https://download.geofabrik.de/europe/poland/kujawsko-pomorskie-latest.osm.pbf,Województwo kujawsko-pomorskie(Kuyavian-Pomeranian Voivodeship)
europe,Poland,https://download.geofabrik.de/europe/poland/lodzkie-latest.osm.pbf,Województwo łódzkie(Łódź Voivodeship)
europe,Poland,https://download.geofabrik.de/europe/poland/lubelskie-latest.osm.pbf,Województwo lubelskie(Lublin Voivodeship)
europe,Poland,https://download.geofabrik.de/europe/poland/lubuskie-latest.osm.pbf,Województwo lubuskie(Lubusz Voivodeship)
europe,Poland,https://download.geofabrik.de/europe/poland/malopolskie-latest.osm.pbf,Województwo małopolskie(Lesser Poland Voivodeship)
europe,Poland,https://download.geofabrik.de/europe/poland/mazowieckie-latest.osm.pbf,Województwo mazowieckie(Mazovian Voivodeship)
europe,Poland,https://download.geofabrik.de/europe/poland/opolskie-latest.osm.pbf,Województwo opolskie(Opole Voivodeship)
europe,Poland,https://download.geofabrik.de/europe/poland/podkarpackie-latest.osm.pbf,Województwo podkarpackie(Subcarpathian Voivodeship)
europe,Poland,https://download.geofabrik.de/europe/poland/podlaskie-latest.osm.pbf,Województwo podlaskie(Podlaskie Voivodeship)
europe,Poland,https://download.geofabrik.de/europe/poland/pomorskie-latest.osm.pbf,Województwo pomorskie(Pomeranian Voivodeship)
europe,Poland,https://download.geofabrik.de/europe/poland/slaskie-latest.osm.pbf,Województwo śląskie(Silesian Voivodeship)
europe,Poland,https://download.geofabrik.de/europe/poland/swietokrzyskie-latest.osm.pbf,Województwo świętokrzyskie(Świętokrzyskie Voivodeship)
europe,Poland,https://download.geofabrik.de/europe/poland/warminsko-mazurskie-latest.osm.pbf,Województwo warmińsko-mazurskie(Warmian-Masurian Voivodeship)
europe,Poland,https://download.geofabrik.de/europe/poland/wielkopolskie-latest.osm.pbf,Województwo wielkopolskie(Greater Poland Voivodeship)
europe,Poland,https://download.geofabrik.de/europe/poland/zachodniopomorskie-latest.osm.pbf,Województwo zachodniopomorskie(West Pomeranian Voivodeship)
europe,Portugal,https://download.geofabrik.de/europe/portugal-latest.osm.pbf,
europe,Romania,https://download.geofabrik.de/europe/romania-latest.osm.pbf,
europe,Russian Federation,https://download.geofabrik.de/europe/russia/central-fed-district-latest.osm.pbf,Central Federal District
europe,Russian Federation,https://download.geofabrik.de/europe/russia/crimean-fed-district-latest.osm.pbf,Crimean Federal District
europe,Russian Federation,https://download.geofabrik.de/europe/russia/far-eastern-fed-district-latest.osm.pbf,Far Eastern Federal District
europe,Russian Federation,https://download.geofabrik.de/europe/russia/north-caucasus-fed-district-latest.osm.pbf,North Caucasus Federal District
europe,Russian Federation,https://download.geofabrik.de/europe/russia/northwestern-fed-district-latest.osm.pbf,Northwestern Federal District
europe,Russian Federation,https://download.geofabrik.de/europe/russia/siberian-fed-district-latest.osm.pbf,Siberian Federal District
europe,Russian Federation,https://download.geofabrik.de/europe/russia/south-fed-district-latest.osm.pbf,South Federal District
europe,Russian Federation,https://download.geofabrik.de/europe/russia/ural-fed-district-latest.osm.pbf,Ural Federal District
europe,Russian Federation,https://download.geofabrik.de/europe/russia/volga-fed-district-latest.osm.pbf,Volga Federal District
europe,Serbia,https://download.geofabrik.de/europe/serbia-latest.osm.pbf,
europe,Slovakia,https://download.geofabrik.de/europe/slovakia-latest.osm.pbf,
europe,Slovenia,https://download.geofabrik.de/europe/slovenia-latest.osm.pbf,
europe,Spain,https://download.geofabrik.de/europe/spain/andalucia-latest.osm.pbf,Andalucía
europe,Spain,https://download.geofabrik.de/europe/spain/aragon-latest.osm.pbf,Aragón
europe,Spain,https://download.geofabrik.de/europe/spain/asturias-latest.osm.pbf,Asturias
europe,Spain,https://download.geofabrik.de/europe/spain/cantabria-latest.osm.pbf,Cantabria
europe,Spain,https://download.geofabrik.de/europe/spain/castilla-la-mancha-latest.osm.pbf,Castilla-La Mancha
europe,Spain,https://download.geofabrik.de/europe/spain/castilla-y-leon-latest.osm.pbf,Castilla y León
europe,Spain,https://download.geofabrik.de/europe/spain/cataluna-latest.osm.pbf,Cataluña
europe,Spain,https://download.geofabrik.de/europe/spain/ceuta-latest.osm.pbf,Ceuta
europe,Spain,https://download.geofabrik.de/europe/spain/extremadura-latest.osm.pbf,Extremadura
europe,Spain,https://download.geofabrik.de/europe/spain/galicia-latest.osm.pbf,Galicia
europe,Spain,https://download.geofabrik.de/europe/spain/islas-baleares-latest.osm.pbf,Islas Baleares
europe,Spain,https://download.geofabrik.de/europe/spain/la-rioja-latest.osm.pbf,La Rioja
europe,Spain,https://download.geofabrik.de/europe/spain/madrid-latest.osm.pbf,Madrid
europe,Spain,https://download.geofabrik.de/europe/spain/melilla-latest.osm.pbf,Melilla
europe,Spain,https://download.geofabrik.de/europe/spain/murcia-latest.osm.pbf,Murcia
europe,Spain,https://download.geofabrik.de/europe/spain/navarra-latest.osm.pbf,Navarra
europe,Spain,https://download.geofabrik.de/europe/spain/pais-vasco-latest.osm.pbf,País Vasco
europe,Spain,https://download.geofabrik.de/europe/spain/valencia-latest.osm.pbf,Valencia
europe,Sweden,https://download.geofabrik.de/europe/sweden-latest.osm.pbf,
europe,Switzerland,https://download.geofabrik.de/europe/switzerland-latest.osm.pbf,
europe,Turkey,https://download.geofabrik.de/europe/turkey-latest.osm.pbf,
europe,Ukraine (with Crimea),https://download.geofabrik.de/europe/ukraine-latest.osm.pbf,
europe,United Kingdom,https://download.geofabrik.de/europe/united-kingdom/england-latest.osm.pbf,England
europe,United Kingdom,https://download.geofabrik.de/europe/united-kingdom/scotland-latest.osm.pbf,Scotland
europe,United Kingdom,https://download.geofabrik.de/europe/united-kingdom/wales-latest.osm.pbf,Wales
north-america,Canada,https://download.geofabrik.de/north-america/canada/alberta-latest.osm.pbf,Alberta
north-america,Canada,https://download.geofabrik.de/north-america/canada/british-columbia-latest.osm.pbf,British Columbia
north-america,Canada,https://download.geofabrik.de/north-america/canada/manitoba-latest.osm.pbf,Manitoba
north-america,Canada,https://download.geofabrik.de/north-america/canada/new-brunswick-latest.osm.pbf,New Brunswick
north-america,Canada,https://download.geofabrik.de/north-america/canada/newfoundland-and-labrador-latest.osm.pbf,Newfoundland and Labrador
north-america,Canada,https://download.geofabrik.de/north-america/canada/northwest-territories-latest.osm.pbf,Northwest Territories
north-america,Canada,https://download.geofabrik.de/north-america/canada/nova-scotia-latest.osm.pbf,Nova Scotia
north-america,Canada,https://download.geofabrik.de/north-america/canada/nunavut-latest.osm.pbf,Nunavut
north-america,Canada,https://download.geofabrik.de/north-america/canada/ontario-latest.osm.pbf,Ontario
north-america,Canada,https://download.geofabrik.de/north-america/canada/prince-edward-island-latest.osm.pbf,Prince Edward Island
north-america,Canada,https://download.geofabrik.de/north-america/canada/quebec-latest.osm.pbf,Quebec
north-america,Canada,https://download.geofabrik.de/north-america/canada/saskatchewan-latest.osm.pbf,Saskatchewan
north-america,Canada,https://download.geofabrik.de/north-america/canada/yukon-latest.osm.pbf,Yukon
north-america,Greenland,https://download.geofabrik.de/north-america/greenland-latest.osm.pbf,
north-america,Mexico,https://download.geofabrik.de/north-america/mexico-latest.osm.pbf,
north-america,United States of America,https://download.geofabrik.de/north-america/us/alabama-latest.osm.pbf,Alabama
north-america,United States of America,https://download.geofabrik.de/north-america/us/alaska-latest.osm.pbf,Alaska
north-america,United States of America,https://download.geofabrik.de/north-america/us/arizona-latest.osm.pbf,Arizona
north-america,United States of America,https://download.geofabrik.de/north-america/us/arkansas-latest.osm.pbf,Arkansas
north-america,United States of America,https://download.geofabrik.de/north-america/us/california-latest.osm.pbf,California
north-america,United States of America,https://download.geofabrik.de/north-america/us/colorado-latest.osm.pbf,Colorado
north-america,United States of America,https://download.geofabrik.de/north-america/us/connecticut-latest.osm.pbf,Connecticut
north-america,United States of America,https://download.geofabrik.de/north-america/us/delaware-latest.osm.pbf,Delaware
north-america,United States of America,https://download.geofabrik.de/north-america/us/district-of-columbia-latest.osm.pbf,District of Columbia
north-america,United States of America,https://download.geofabrik.de/north-america/us/florida-latest.osm.pbf,Florida
north-america,United States of America,https://download.geofabrik.de/north-america/us/georgia-latest.osm.pbf,Georgia
north-america,United States of America,https://download.geofabrik.de/north-america/us/hawaii-latest.osm.pbf,Hawaii
north-america,United States of America,https://download.geofabrik.de/north-america/us/idaho-latest.osm.pbf,Idaho
north-america,United States of America,https://download.geofabrik.de/north-america/us/illinois-latest.osm.pbf,Illinois
north-america,United States of America,https://download.geofabrik.de/north-america/us/indiana-latest.osm.pbf,Indiana
north-america,United States of America,https://download.geofabrik.de/north-america/us/iowa-latest.osm.pbf,Iowa
north-america,United States of America,https://download.geofabrik.de/north-america/us/kansas-latest.osm.pbf,Kansas
north-america,United States of America,https://download.geofabrik.de/north-america/us/kentucky-latest.osm.pbf,Kentucky
north-america,United States of America,https://download.geofabrik.de/north-america/us/louisiana-latest.osm.pbf,Louisiana
north-america,United States of America,https://download.geofabrik.de/north-america/us/maine-latest.osm.pbf,Maine
north-america,United States of America,https://download.geofabrik.de/north-america/us/maryland-latest.osm.pbf,Maryland
north-america,United States of America,https://download.geofabrik.de/north-america/us/massachusetts-latest.osm.pbf,Massachusetts
north-america,United States of America,https://download.geofabrik.de/north-america/us/michigan-latest.osm.pbf,Michigan
north-america,United States of America,https://download.geofabrik.de/north-america/us/minnesota-latest.osm.pbf,Minnesota
north-america,United States of America,https://download.geofabrik.de/north-america/us/mississippi-latest.osm.pbf,Mississippi
north-america,United States of America,https://download.geofabrik.de/north-america/us/missouri-latest.osm.pbf,Missouri
north-america,United States of America,https://download.geofabrik.de/north-america/us/montana-latest.osm.pbf,Montana
north-america,United States of America,https://download.geofabrik.de/north-america/us/nebraska-latest.osm.pbf,Nebraska
north-america,United States of America,https://download.geofabrik.de/north-america/us/nevada-latest.osm.pbf,Nevada
north-america,United States of America,https://download.geofabrik.de/north-america/us/new-hampshire-latest.osm.pbf,New Hampshire
north-america,United States of America,https://download.geofabrik.de/north-america/us/new-jersey-latest.osm.pbf,New Jersey
north-america,United States of America,https://download.geofabrik.de/north-america/us/new-mexico-latest.osm.pbf,New Mexico
north-america,United States of America,https://download.geofabrik.de/north-america/us/new-york-latest.osm.pbf,New York
north-america,United States of America,https://download.geofabrik.de/north-america/us/north-carolina-latest.osm.pbf,North Carolina
north-america,United States of America,https://download.geofabrik.de/north-america/us/north-dakota-latest.osm.pbf,North Dakota
north-america,United States of America,https://download.geofabrik.de/north-america/us/ohio-latest.osm.pbf,Ohio
north-america,United States of America,https://download.geofabrik.de/north-america/us/oklahoma-latest.osm.pbf,Oklahoma
north-america,United States of America,https://download.geofabrik.de/north-america/us/oregon-latest.osm.pbf,Oregon
north-america,United States of America,https://download.geofabrik.de/north-america/us/pennsylvania-latest.osm.pbf,Pennsylvania
north-america,United States of America,https://download.geofabrik.de/north-america/us/puerto-rico-latest.osm.pbf,Puerto Rico
north-america,United States of America,https://download.geofabrik.de/north-america/us/rhode-island-latest.osm.pbf,Rhode Island
north-america,United States of America,https://download.geofabrik.de/north-america/us/south-carolina-latest.osm.pbf,South Carolina
north-america,United States of America,https://download.geofabrik.de/north-america/us/south-dakota-latest.osm.pbf,South Dakota
north-america,United States of America,https://download.geofabrik.de/north-america/us/tennessee-latest.osm.pbf,Tennessee
north-america,United States of America,https://download.geofabrik.de/north-america/us/texas-latest.osm.pbf,Texas
north-america,United States of America,https://download.geofabrik.de/north-america/us/us-virgin-islands-latest.osm.pbf,United States Virgin Islands
north-america,United States of America,https://download.geofabrik.de/north-america/us/utah-latest.osm.pbf,Utah
north-america,United States of America,https://download.geofabrik.de/north-america/us/vermont-latest.osm.pbf,Vermont
north-america,United States of America,https://download.geofabrik.de/north-america/us/virginia-latest.osm.pbf,Virginia
north-america,United States of America,https://download.geofabrik.de/north-america/us/washington-latest.osm.pbf,Washington
north-america,United States of America,https://download.geofabrik.de/north-america/us/west-virginia-latest.osm.pbf,West Virginia
north-america,United States of America,https://download.geofabrik.de/north-america/us/wisconsin-latest.osm.pbf,Wisconsin
north-america,United States of America,https://download.geofabrik.de/north-america/us/wyoming-latest.osm.pbf,Wyoming
south-america,Argentina,https://download.geofabrik.de/south-america/argentina-latest.osm.pbf,
south-america,Bolivia,https://download.geofabrik.de/south-america/bolivia-latest.osm.pbf,
south-america,Brazil,https://download.geofabrik.de/south-america/brazil/centro-oeste-latest.osm.pbf,Centro-Oeste
south-america,Brazil,https://download.geofabrik.de/south-america/brazil/nordeste-latest.osm.pbf,Nordeste
south-america,Brazil,https://download.geofabrik.de/south-america/brazil/norte-latest.osm.pbf,Norte
south-america,Brazil,https://download.geofabrik.de/south-america/brazil/sudeste-latest.osm.pbf,Sudeste
south-america,Brazil,https://download.geofabrik.de/south-america/brazil/sul-latest.osm.pbf,Sul
south-america,Chile,https://download.geofabrik.de/south-america/chile-latest.osm.pbf,
south-america,Colombia,https://download.geofabrik.de/south-america/colombia-latest.osm.pbf,
south-america,Ecuador,https://download.geofabrik.de/south-america/ecuador-latest.osm.pbf,
south-america,Guyana,https://download.geofabrik.de/south-america/guyana-latest.osm.pbf,
south-america,Paraguay,https://download.geofabrik.de/south-america/paraguay-latest.osm.pbf,
south-america,Peru,https://download.geofabrik.de/south-america/peru-latest.osm.pbf,
south-america,Suriname,https://download.geofabrik.de/south-america/suriname-latest.osm.pbf,
south-america,Uruguay,https://download.geofabrik.de/south-america/uruguay-latest.osm.pbf,
south-america,Venezuela,https://download.geofabrik.de/south-america/venezuela-latest.osm.pbf,
